<?xml version="1.0" encoding="utf-8" ?>
<dwsync>
<file name="index.php" server="nickolasnikolic.com" local="129432286371031164" remote="129432333000000000" />
<file name="admin.php" server="nickolasnikolic.com" local="129430807200000000" remote="129430807200000000" />
<file name="CHANGELOG.txt" server="nickolasnikolic.com" local="129430668600000000" remote="129430668600000000" />
<file name="LICENSE.txt" server="nickolasnikolic.com" local="129430668600000000" remote="129430668600000000" />
<file name="path_helper.php" server="nickolasnikolic.com" local="129430668600000000" remote="129430668600000000" />
<file name="README.txt" server="nickolasnikolic.com" local="129430668600000000" remote="129430668600000000" />
<file name="rm_tree.php" server="nickolasnikolic.com" local="129430668600000000" remote="129430668600000000" />
<file name="TODO.txt" server="nickolasnikolic.com" local="129430668600000000" remote="129430668600000000" />
<file name="touchDirs.sh" server="nickolasnikolic.com" local="129430668600000000" remote="129430668600000000" />
<file name="01.jpg" server="nickolasnikolic.com" local="129430803600000000" remote="129430803600000000" />
<file name="03.jpg" server="nickolasnikolic.com" local="129430804200000000" remote="129430804200000000" />
<file name="04.jpg" server="nickolasnikolic.com" local="129430804200000000" remote="129430804200000000" />
<file name="05.jpg" server="nickolasnikolic.com" local="129430804200000000" remote="129430804200000000" />
<file name="06.jpg" server="nickolasnikolic.com" local="129430804200000000" remote="129430804200000000" />
<file name="07.jpg" server="nickolasnikolic.com" local="129430803600000000" remote="129430803600000000" />
<file name="08.jpg" server="nickolasnikolic.com" local="129430803600000000" remote="129430803600000000" />
<file name="09.jpg" server="nickolasnikolic.com" local="129430803600000000" remote="129430803600000000" />
<file name="10.jpg" server="nickolasnikolic.com" local="129430803600000000" remote="129430803600000000" />
<file name="11.jpg" server="nickolasnikolic.com" local="129430803600000000" remote="129430803600000000" />
<file name="12.jpg" server="nickolasnikolic.com" local="129430803600000000" remote="129430803600000000" />
<file name="13.jpg" server="nickolasnikolic.com" local="129430804200000000" remote="129430804200000000" />
<file name="14.jpg" server="nickolasnikolic.com" local="129430804200000000" remote="129430804200000000" />
<file name="15.jpg" server="nickolasnikolic.com" local="129430804200000000" remote="129430804200000000" />
<file name="16.jpg" server="nickolasnikolic.com" local="129430804200000000" remote="129430804200000000" />
<file name="17.jpg" server="nickolasnikolic.com" local="129430804200000000" remote="129430804200000000" />
<file name="18.jpg" server="nickolasnikolic.com" local="129430804200000000" remote="129430804200000000" />
<file name="19.jpg" server="nickolasnikolic.com" local="129430804200000000" remote="129430804200000000" />
</dwsync>